<?xml version="1.0"?>
<!--
/**
 * Magento
 *
 * NOTICE OF LICENSE
 *
 * This source file is subject to the Open Software License (OSL 3.0)
 * that is bundled with this package in the file LICENSE.txt.
 * It is also available through the world-wide-web at this URL:
 * http://opensource.org/licenses/osl-3.0.php
 * If you did not receive a copy of the license and are unable to
 * obtain it through the world-wide-web, please send an email
 * to license@magentocommerce.com so we can send you a copy immediately.
 *
 * @category   Mage
 * @package    Mage_Quotes
 * @copyright  Copyright (c) 2004-2007 Irubin Consulting Inc. DBA Varien (http://www.varien.com)
 * @license    http://opensource.org/licenses/osl-3.0.php  Open Software License (OSL 3.0)
 */
-->
<config>
	<!-- <tabs>
        <uploadtool translate="label" module="uploadtool">
            <label>Diamond Extensions</label>
            <sort_order>100</sort_order>
        </uploadtool>
    </tabs> -->
    <sections>
        <uploadtool translate="label" module="uploadtool">
            <label>Diamond Config</label>
            <tab>jewelerslink</tab>
            <frontend_type>text</frontend_type>
            <sort_order>100</sort_order>
            <show_in_default>1</show_in_default>
            <show_in_website>1</show_in_website>
            <show_in_store>1</show_in_store>
            <groups>
				<!-- <themes translate="label">
                    <label>Themes</label>
                    <sort_order>0</sort_order>
                    <show_in_default>1</show_in_default>
                    <show_in_website>1</show_in_website>
                    <fields>
						<theme translate="label">
                            <label>Select Theme</label>
                            <frontend_type>select</frontend_type>
							<source_model>uploadtool/system_themes</source_model>
                            <sort_order>4</sort_order>
                            <show_in_default>1</show_in_default>
                            <show_in_website>1</show_in_website>
                            <show_in_store>1</show_in_store>
                        </theme>
					</fields>
				</themes> -->

				<!-- <db_detail translate="label">
                    <label>Diamond Database Detail</label>
                    <sort_order>1</sort_order>
                    <show_in_default>1</show_in_default>
                    <show_in_website>1</show_in_website>
                    <fields>         
                        <db_database translate="label">
                            <label>Database</label>
                            <frontend_type>text</frontend_type>
                            <sort_order>1</sort_order>
							<value>localhost</value>
                            <show_in_default>1</show_in_default>
                            <show_in_website>1</show_in_website>
                            <show_in_store>1</show_in_store>
                        </db_database>
						<db_name translate="label">
                            <label>Database Name</label>
                            <frontend_type>text</frontend_type>
                            <sort_order>2</sort_order>
                            <show_in_default>1</show_in_default>
                            <show_in_website>1</show_in_website>
                            <show_in_store>1</show_in_store>
                        </db_name>
						<db_username translate="label">
                            <label>Database User Name</label>
                            <frontend_type>text</frontend_type>
                            <sort_order>3</sort_order>
                            <show_in_default>1</show_in_default>
                            <show_in_website>1</show_in_website>
                            <show_in_store>1</show_in_store>
                        </db_username>
						<db_userpassword translate="label">
                            <label>Database Password</label>
                            <frontend_type>text</frontend_type>
                            <sort_order>4</sort_order>
                            <show_in_default>1</show_in_default>
                            <show_in_website>1</show_in_website>
                            <show_in_store>1</show_in_store>
                        </db_userpassword>    
                    </fields>
                </db_detail> -->
				
				<!-- <user_detail translate="label">
                    <label>Jewelerslink Login Detail</label>
                    <sort_order>2</sort_order>
                    <show_in_default>1</show_in_default>
                    <show_in_website>1</show_in_website>
                    <fields>         
                        <ideal_username translate="label">
                            <label>Jewelerslink Username(Email)</label>
                            <frontend_type>text</frontend_type>
                            <sort_order>1</sort_order>
                            <show_in_default>1</show_in_default>
                            <show_in_website>1</show_in_website>
                            <show_in_store>1</show_in_store>
                        </ideal_username>
						<ideal_password translate="label">
                            <label>Jewelerslink Password</label>
                            <frontend_type>password</frontend_type>
                            <sort_order>2</sort_order>
                            <show_in_default>1</show_in_default>
                            <show_in_website>1</show_in_website>
                            <show_in_store>1</show_in_store>
                        </ideal_password>    
                    </fields>
                </user_detail> -->
				
				<email translate="label">
                    <label>Diamond Request Form Email Options</label>
                    <frontend_type>text</frontend_type>
                    <sort_order>50</sort_order>
                    <show_in_default>1</show_in_default>
                    <show_in_website>1</show_in_website>
                    <show_in_store>1</show_in_store>
                    <fields>
                        <recipient_email translate="label">
                            <label>Admin Email</label>
                            <frontend_type>text</frontend_type>
                            <validate>validate-email</validate>
                            <sort_order>0</sort_order>
                            <show_in_default>1</show_in_default>
                            <show_in_website>1</show_in_website>
                            <show_in_store>1</show_in_store>
                        </recipient_email>
                        <bcc_email translate="label">
                            <label>Bcc Email</label>
                            <frontend_type>text</frontend_type>
                            <validate>validate-email</validate>
                            <sort_order>1</sort_order>
                            <show_in_default>1</show_in_default>
                            <show_in_website>1</show_in_website>
                            <show_in_store>1</show_in_store>
                        </bcc_email>
                        <sender_email_identity translate="label">
                            <label>Email Sender</label>
                            <frontend_type>select</frontend_type>
                            <source_model>adminhtml/system_config_source_email_identity</source_model>
                            <sort_order>2</sort_order>
                            <show_in_default>1</show_in_default>
                            <show_in_website>1</show_in_website>
                            <show_in_store>1</show_in_store>
                        </sender_email_identity>
                        <email_template translate="label">
                            <label>Email Template (Admin)</label>
                            <frontend_type>select</frontend_type>
                            <source_model>adminhtml/system_config_source_email_template</source_model>
                            <sort_order>3</sort_order>
                            <show_in_default>1</show_in_default>
                            <show_in_website>1</show_in_website>
                            <show_in_store>1</show_in_store>
                        </email_template>
                        <email_template_user translate="label">
                            <label>Email Template (User)</label>
                            <frontend_type>select</frontend_type>
                            <source_model>adminhtml/system_config_source_email_template</source_model>
                            <sort_order>4</sort_order>
                            <show_in_default>1</show_in_default>
                            <show_in_website>1</show_in_website>
                            <show_in_store>1</show_in_store>
                        </email_template_user>
                    </fields>
                </email>
				
            </groups>
        </uploadtool>
    </sections>
</config>